ibge_id;ano;dependencia_id;localizacao_id;serie_id;matriculas;aprovados;reprovados;abandonos
11;2023;0;0;10;;89,1;6,5;4,4
11;2023;0;1;10;;89,1;6,6;4,3
11;2023;0;2;10;;89,4;5,4;5,2
11;2023;1;0;10;;93,8;5,9;0,3
11;2023;1;1;10;;94,2;5,6;0,2
11;2023;1;2;10;;92,7;6,8;0,5
11;2023;2;0;10;;88,5;6,5;5
11;2023;2;1;10;;88,6;6,6;4,8
11;2023;2;2;10;;86,1;5,4;8,5
11;2023;3;0;10;;;;
11;2023;3;1;10;;;;
11;2023;3;2;10;;;;
11;2023;4;0;10;;92,8;6,7;0,5
11;2023;4;1;10;;92,5;7,3;0,2
11;2023;4;2;10;;94,5;3,6;1,9
11;2023;5;0;10;;88,8;6,5;4,7
11;2023;5;1;10;;88,9;6,5;4,6
11;2023;5;2;10;;88,1;5,8;6,1
12;2023;0;0;10;;83,1;9,8;7,1
12;2023;0;1;10;;83,9;11,7;4,4
12;2023;0;2;10;;80,4;3,7;15,9
12;2023;1;0;10;;92,3;5,8;1,9
12;2023;1;1;10;;90,1;7,5;2,4
12;2023;1;2;10;;98,5;1;0,5
12;2023;2;0;10;;81,7;10,5;7,8
12;2023;2;1;10;;82,5;12,7;4,8
12;2023;2;2;10;;79,3;3,8;16,9
12;2023;3;0;10;;;;
12;2023;3;1;10;;;;
12;2023;3;2;10;;;;
12;2023;4;0;10;;97;2,2;0,8
12;2023;4;1;10;;97;2,2;0,8
12;2023;5;0;10;;82,3;10,2;7,5
12;2023;5;1;10;;83;12,4;4,6
12;2023;5;2;10;;80,4;3,7;15,9
13;2023;0;0;10;;87,2;7,8;5
13;2023;0;1;10;;87,2;8,4;4,4
13;2023;0;2;10;;87,4;5,3;7,3
13;2023;1;0;10;;88,3;10,9;0,8
13;2023;1;1;10;;87,7;11,4;0,9
13;2023;1;2;10;;92,9;6,8;0,3
13;2023;2;0;10;;86,7;7,9;5,4
13;2023;2;1;10;;86,6;8,5;4,9
13;2023;2;2;10;;87,2;5,2;7,6
13;2023;3;0;10;;;;
13;2023;3;1;10;;;;
13;2023;3;2;10;;;;
13;2023;4;0;10;;96,3;3,5;0,2
13;2023;4;1;10;;96,2;3,6;0,2
13;2023;4;2;10;;100;0;0
13;2023;5;0;10;;86,8;8;5,2
13;2023;5;1;10;;86,7;8,6;4,7
13;2023;5;2;10;;87,3;5,3;7,4
14;2023;0;0;10;;83,4;11;5,6
14;2023;0;1;10;;82,5;13,1;4,4
14;2023;0;2;10;;86,2;4,5;9,3
14;2023;1;0;10;;88,7;6,3;5
14;2023;1;1;10;;86,9;6,9;6,2
14;2023;1;2;10;;92,6;4,8;2,6
14;2023;2;0;10;;82,4;11,7;5,9
14;2023;2;1;10;;81,4;14;4,6
14;2023;2;2;10;;85,6;4,5;9,9
14;2023;3;0;10;;;;
14;2023;3;1;10;;;;
14;2023;3;2;10;;;;
14;2023;4;0;10;;94,7;5,3;0
14;2023;4;1;10;;94,6;5,4;0
14;2023;4;2;10;;100;0;0
14;2023;5;0;10;;82,8;11,3;5,9
14;2023;5;1;10;;81,7;13,6;4,7
14;2023;5;2;10;;86,2;4,5;9,3
15;2023;0;0;10;;99,4;0,4;0,2
15;2023;0;1;10;;99,4;0,5;0,1
15;2023;0;2;10;;99,7;0,1;0,2
15;2023;1;0;10;;88;9,5;2,5
15;2023;1;1;10;;87,9;9,9;2,2
15;2023;1;2;10;;89,9;2,5;7,6
15;2023;2;0;10;;100;0;0
15;2023;2;1;10;;100;0;0
15;2023;2;2;10;;100;0;0
15;2023;3;0;10;;100;0;0
15;2023;3;1;10;;100;0;0
15;2023;3;2;10;;;;
15;2023;4;0;10;;97,2;2,1;0,7
15;2023;4;1;10;;97,7;2,1;0,2
15;2023;4;2;10;;84,9;1,8;13,3
15;2023;5;0;10;;99,6;0,3;0,1
15;2023;5;1;10;;99,6;0,3;0,1
15;2023;5;2;10;;99,9;0;0,1
16;2023;0;0;10;;82,2;11,9;5,9
16;2023;0;1;10;;83,1;12,1;4,8
16;2023;0;2;10;;76,9;10,9;12,2
16;2023;1;0;10;;95,9;3,9;0,2
16;2023;1;1;10;;95,9;3,9;0,2
16;2023;2;0;10;;80,3;13,2;6,5
16;2023;2;1;10;;80,9;13,6;5,5
16;2023;2;2;10;;76,9;11,2;11,9
16;2023;3;0;10;;;;
16;2023;3;1;10;;;;
16;2023;3;2;10;;;;
16;2023;4;0;10;;97,1;1,2;1,7
16;2023;4;1;10;;99,2;0,8;0
16;2023;4;2;10;;75,6;5,8;18,6
16;2023;5;0;10;;80,9;12,8;6,3
16;2023;5;1;10;;81,7;13,1;5,2
16;2023;5;2;10;;76,9;11,2;11,9
17;2023;0;0;10;;92,3;5,1;2,6
17;2023;0;1;10;;92,6;4,9;2,5
17;2023;0;2;10;;89,2;7,4;3,4
17;2023;1;0;10;;87,7;12;0,3
17;2023;1;1;10;;88,9;10,7;0,4
17;2023;1;2;10;;84,3;15,4;0,3
17;2023;2;0;10;;92,3;4,8;2,9
17;2023;2;1;10;;92,5;4,7;2,8
17;2023;2;2;10;;90,2;5,8;4
17;2023;3;0;10;;;;
17;2023;3;1;10;;;;
17;2023;3;2;10;;;;
17;2023;4;0;10;;95,2;4,7;0,1
17;2023;4;1;10;;95,5;4,4;0,1
17;2023;4;2;10;;89,3;10,7;0
17;2023;5;0;10;;92,1;5,2;2,7
17;2023;5;1;10;;92,4;4,9;2,7
17;2023;5;2;10;;89,2;7,3;3,5
21;2023;0;0;10;;90,7;5,3;4
21;2023;0;1;10;;91,2;5,2;3,6
21;2023;0;2;10;;88;5,8;6,2
21;2023;1;0;10;;89,3;9,4;1,3
21;2023;1;1;10;;90,5;8,2;1,3
21;2023;1;2;10;;85,7;13,1;1,2
21;2023;2;0;10;;90,3;5,3;4,4
21;2023;2;1;10;;90,8;5,2;4
21;2023;2;2;10;;87,5;5,9;6,6
21;2023;3;0;10;;98,7;0,2;1,1
21;2023;3;1;10;;97,9;0,5;1,6
21;2023;3;2;10;;99,1;0;0,9
21;2023;4;0;10;;94,8;3,1;2,1
21;2023;4;1;10;;96,7;3,1;0,2
21;2023;4;2;10;;79,1;3,2;17,7
21;2023;5;0;10;;90,4;5,4;4,2
21;2023;5;1;10;;90,9;5,3;3,8
21;2023;5;2;10;;88,4;5,9;5,7
22;2023;0;0;10;;94,6;2,3;3,1
22;2023;0;1;10;;94,6;2,4;3
22;2023;0;2;10;;94,5;1,1;4,4
22;2023;1;0;10;;90,2;7,5;2,3
22;2023;1;1;10;;88,6;9,4;2
22;2023;1;2;10;;94,9;2;3,1
22;2023;2;0;10;;94,8;1,8;3,4
22;2023;2;1;10;;94,8;1,9;3,3
22;2023;2;2;10;;94,4;0,9;4,7
22;2023;3;0;10;;;;
22;2023;3;1;10;;;;
22;2023;3;2;10;;;;
22;2023;4;0;10;;95,1;4,6;0,3
22;2023;4;1;10;;95,1;4,7;0,2
22;2023;4;2;10;;100;0;0
22;2023;5;0;10;;94,6;2;3,4
22;2023;5;1;10;;94,6;2,1;3,3
22;2023;5;2;10;;94,5;1,1;4,4
23;2023;0;0;10;;96;1,4;2,6
23;2023;0;1;10;;96;1,4;2,6
23;2023;0;2;10;;96,9;0,9;2,2
23;2023;1;0;10;;83,2;15,2;1,6
23;2023;1;1;10;;84,1;14,1;1,8
23;2023;1;2;10;;74,4;25,6;0
23;2023;2;0;10;;96,2;1;2,8
23;2023;2;1;10;;96,1;1,1;2,8
23;2023;2;2;10;;97,4;0,4;2,2
23;2023;3;0;10;;;;
23;2023;3;1;10;;;;
23;2023;3;2;10;;;;
23;2023;4;0;10;;97,1;2,7;0,2
23;2023;4;1;10;;97,1;2,7;0,2
23;2023;4;2;10;;92,6;0;7,4
23;2023;5;0;10;;95,9;1,3;2,8
23;2023;5;1;10;;95,9;1,3;2,8
23;2023;5;2;10;;96,9;0,9;2,2
24;2023;0;0;10;;72,3;17,4;10,3
24;2023;0;1;10;;72,2;17,6;10,2
24;2023;0;2;10;;74,7;11,5;13,8
24;2023;1;0;10;;86,4;13;0,6
24;2023;1;1;10;;86,2;13,2;0,6
24;2023;1;2;10;;88,8;10,9;0,3
24;2023;2;0;10;;67,9;19,6;12,5
24;2023;2;1;10;;67,7;19,9;12,4
24;2023;2;2;10;;71,5;11,8;16,7
24;2023;3;0;10;;;;
24;2023;3;1;10;;;;
24;2023;3;2;10;;;;
24;2023;4;0;10;;95,9;3,7;0,4
24;2023;4;1;10;;95,9;3,8;0,3
24;2023;4;2;10;;100;0;0
24;2023;5;0;10;;69,3;19,1;11,6
24;2023;5;1;10;;69,1;19,4;11,5
24;2023;5;2;10;;74,4;11,7;13,9
25;2023;0;0;10;;82,2;10,6;7,2
25;2023;0;1;10;;82,4;10,4;7,2
25;2023;0;2;10;;78,1;14,5;7,4
25;2023;1;0;10;;90,9;8,4;0,7
25;2023;1;1;10;;91;8,5;0,5
25;2023;1;2;10;;88,7;6,2;5,1
25;2023;2;0;10;;79,4;11,9;8,7
25;2023;2;1;10;;79,5;11,7;8,8
25;2023;2;2;10;;77,5;14,9;7,6
25;2023;3;0;10;;71,2;19,2;9,6
25;2023;3;1;10;;63,6;25,5;10,9
25;2023;3;2;10;;94,4;0;5,6
25;2023;4;0;10;;96,8;3;0,2
25;2023;4;1;10;;96,8;3;0,2
25;2023;4;2;10;;;;
25;2023;5;0;10;;80,1;11,7;8,2
25;2023;5;1;10;;80,2;11,5;8,3
25;2023;5;2;10;;78,1;14,5;7,4
26;2023;0;0;10;;93;5,7;1,3
26;2023;0;1;10;;93,3;5,5;1,2
26;2023;0;2;10;;88,3;8,4;3,3
26;2023;1;0;10;;85,7;12;2,3
26;2023;1;1;10;;86,4;11;2,6
26;2023;1;2;10;;82,9;15,7;1,4
26;2023;2;0;10;;92,8;5,8;1,4
26;2023;2;1;10;;93,1;5,7;1,2
26;2023;2;2;10;;88,8;7,9;3,3
26;2023;3;0;10;;82,1;6;11,9
26;2023;3;1;10;;;;
26;2023;3;2;10;;82,1;6;11,9
26;2023;4;0;10;;96,1;3,6;0,3
26;2023;4;1;10;;96,2;3,5;0,3
26;2023;4;2;10;;83,5;16,5;0
26;2023;5;0;10;;92,6;6;1,4
26;2023;5;1;10;;93;5,8;1,2
26;2023;5;2;10;;88,3;8,3;3,4
27;2023;0;0;10;;91,7;4,8;3,5
27;2023;0;1;10;;91,7;4,9;3,4
27;2023;0;2;10;;92,4;3,6;4
27;2023;1;0;10;;87,3;10,2;2,5
27;2023;1;1;10;;87,3;10,2;2,5
27;2023;2;0;10;;91,4;4,6;4
27;2023;2;1;10;;91,4;4,7;3,9
27;2023;2;2;10;;92,3;3,6;4,1
27;2023;3;0;10;;;;
27;2023;3;1;10;;;;
27;2023;3;2;10;;;;
27;2023;4;0;10;;95,7;3,8;0,5
27;2023;4;1;10;;95,7;3,9;0,4
27;2023;4;2;10;;100;0;0
27;2023;5;0;10;;91,2;5;3,8
27;2023;5;1;10;;91,1;5,1;3,8
27;2023;5;2;10;;92,3;3,6;4,1
28;2023;0;0;10;;84,7;12,2;3,1
28;2023;0;1;10;;84,6;12,2;3,2
28;2023;0;2;10;;87,4;10,7;1,9
28;2023;1;0;10;;74,2;22,8;3
28;2023;1;1;10;;68,8;27,6;3,6
28;2023;1;2;10;;84,1;14;1,9
28;2023;2;0;10;;83,3;13,2;3,5
28;2023;2;1;10;;83;13,4;3,6
28;2023;2;2;10;;88;10,1;1,9
28;2023;3;0;10;;;;
28;2023;3;1;10;;;;
28;2023;3;2;10;;;;
28;2023;4;0;10;;96,8;2,9;0,3
28;2023;4;1;10;;96,8;2,9;0,3
28;2023;4;2;10;;;;
28;2023;5;0;10;;83;13,5;3,5
28;2023;5;1;10;;82,7;13,7;3,6
28;2023;5;2;10;;87,4;10,7;1,9
29;2023;0;0;10;;94,2;3,1;2,7
29;2023;0;1;10;;94,2;3,1;2,7
29;2023;0;2;10;;94,1;3,1;2,8
29;2023;1;0;10;;84,5;13,8;1,7
29;2023;1;1;10;;83,4;14,6;2
29;2023;1;2;10;;91;8,6;0,4
29;2023;2;0;10;;94,5;2,6;2,9
29;2023;2;1;10;;94,5;2,6;2,9
29;2023;2;2;10;;94,8;2,4;2,8
29;2023;3;0;10;;77,2;9,6;13,2
29;2023;3;1;10;;71,2;10,7;18,1
29;2023;3;2;10;;82,2;8,8;9
29;2023;4;0;10;;95,3;4,3;0,4
29;2023;4;1;10;;95,4;4,2;0,4
29;2023;4;2;10;;93,1;4,7;2,2
29;2023;5;0;10;;94,1;3;2,9
29;2023;5;1;10;;94,1;3;2,9
29;2023;5;2;10;;94,2;3;2,8
31;2023;0;0;10;;84,1;10,1;5,8
31;2023;0;1;10;;83,9;10,2;5,9
31;2023;0;2;10;;90,6;6,4;3
31;2023;1;0;10;;86,3;13;0,7
31;2023;1;1;10;;85,7;13,4;0,9
31;2023;1;2;10;;88,4;11,5;0,1
31;2023;2;0;10;;82,6;10,6;6,8
31;2023;2;1;10;;82,5;10,7;6,8
31;2023;2;2;10;;91,1;4,6;4,3
31;2023;3;0;10;;89,4;9,5;1,1
31;2023;3;1;10;;89,2;9,7;1,1
31;2023;3;2;10;;96,4;1,8;1,8
31;2023;4;0;10;;95,1;4,7;0,2
31;2023;4;1;10;;95,1;4,7;0,2
31;2023;4;2;10;;93,5;3,2;3,3
31;2023;5;0;10;;82,8;10,7;6,5
31;2023;5;1;10;;82,6;10,8;6,6
31;2023;5;2;10;;90,3;6,8;2,9
32;2023;0;0;10;;93,7;4,3;2
32;2023;0;1;10;;93,7;4,1;2,2
32;2023;0;2;10;;92,5;6,8;0,7
32;2023;1;0;10;;89,1;10;0,9
32;2023;1;1;10;;89,7;9,5;0,8
32;2023;1;2;10;;87,6;11,5;0,9
32;2023;2;0;10;;93,7;3,9;2,4
32;2023;2;1;10;;93,6;3,9;2,5
32;2023;2;2;10;;95,8;4,1;0,1
32;2023;3;0;10;;;;
32;2023;3;1;10;;;;
32;2023;3;2;10;;;;
32;2023;4;0;10;;96,3;3,5;0,2
32;2023;4;1;10;;96,5;3,4;0,1
32;2023;4;2;10;;93,9;4,9;1,2
32;2023;5;0;10;;93,3;4,4;2,3
32;2023;5;1;10;;93,4;4,2;2,4
32;2023;5;2;10;;92,1;7,4;0,5
33;2023;0;0;10;;78,4;17,1;4,5
33;2023;0;1;10;;78,2;17,1;4,7
33;2023;0;2;10;;81,9;14,4;3,7
33;2023;1;0;10;;81,3;16,4;2,3
33;2023;1;1;10;;81,6;16,1;2,3
33;2023;1;2;10;;76,3;21,6;2,1
33;2023;2;0;10;;74,3;19,9;5,8
33;2023;2;1;10;;74;20,1;5,9
33;2023;2;2;10;;81,6;14,5;3,9
33;2023;3;0;10;;80,2;15,2;4,6
33;2023;3;1;10;;80,2;15,2;4,6
33;2023;3;2;10;;;;
33;2023;4;0;10;;93,9;5,9;0,2
33;2023;4;1;10;;93,8;5,9;0,3
33;2023;4;2;10;;95,5;4,5;0
33;2023;5;0;10;;74,6;19,8;5,6
33;2023;5;1;10;;74,3;20;5,7
33;2023;5;2;10;;81,3;14,8;3,9
35;2023;0;0;10;;91,8;5,4;2,8
35;2023;0;1;10;;91,7;5,4;2,9
35;2023;0;2;10;;96,4;2;1,6
35;2023;1;0;10;;93,2;6,4;0,4
35;2023;1;1;10;;93,2;6,4;0,4
35;2023;2;0;10;;90,6;5,9;3,5
35;2023;2;1;10;;90,5;6;3,5
35;2023;2;2;10;;96,3;1,9;1,8
35;2023;3;0;10;;96,1;2,9;1
35;2023;3;1;10;;96,2;2,9;0,9
35;2023;3;2;10;;92,5;3,8;3,7
35;2023;4;0;10;;97,3;2,7;0
35;2023;4;1;10;;97,3;2,7;0
35;2023;4;2;10;;97,2;2,7;0,1
35;2023;5;0;10;;90,7;5,9;3,4
35;2023;5;1;10;;90,6;5,9;3,5
35;2023;5;2;10;;96,3;1,9;1,8
41;2023;0;0;10;;94,8;4,6;0,6
41;2023;0;1;10;;94,7;4,7;0,6
41;2023;0;2;10;;96,3;3;0,7
41;2023;1;0;10;;92,8;6,6;0,6
41;2023;1;1;10;;92,6;6,8;0,6
41;2023;1;2;10;;99;1;0
41;2023;2;0;10;;94,5;4,8;0,7
41;2023;2;1;10;;94,4;4,9;0,7
41;2023;2;2;10;;96,4;2,9;0,7
41;2023;3;0;10;;;;
41;2023;3;1;10;;;;
41;2023;3;2;10;;;;
41;2023;4;0;10;;96,6;3,2;0,2
41;2023;4;1;10;;96,7;3,2;0,1
41;2023;4;2;10;;90,2;8,9;0,9
41;2023;5;0;10;;94,4;4,8;0,8
41;2023;5;1;10;;94,3;4,9;0,8
41;2023;5;2;10;;96,5;2,8;0,7
42;2023;0;0;10;;77,3;18,3;4,4
42;2023;0;1;10;;77,1;18,5;4,4
42;2023;0;2;10;;85,9;11,9;2,2
42;2023;1;0;10;;88,4;9,6;2
42;2023;1;1;10;;88,4;9,4;2,2
42;2023;1;2;10;;87,6;11,8;0,6
42;2023;2;0;10;;73,9;21;5,1
42;2023;2;1;10;;73,6;21,2;5,2
42;2023;2;2;10;;84,5;12,9;2,6
42;2023;3;0;10;;95,4;3,1;1,5
42;2023;3;1;10;;94,7;4;1,3
42;2023;3;2;10;;96,4;1,8;1,8
42;2023;4;0;10;;95,9;3,9;0,2
42;2023;4;1;10;;95,9;3,9;0,2
42;2023;4;2;10;;95,3;4,7;0
42;2023;5;0;10;;74,6;20,4;5
42;2023;5;1;10;;74,3;20,7;5
42;2023;5;2;10;;85,1;12,5;2,4
43;2023;0;0;10;;77,1;14,5;8,4
43;2023;0;1;10;;77;14,6;8,4
43;2023;0;2;10;;79,6;13,1;7,3
43;2023;1;0;10;;85,4;12,9;1,7
43;2023;1;1;10;;84,9;13,4;1,7
43;2023;1;2;10;;87,1;10,9;2
43;2023;2;0;10;;74,4;15,8;9,8
43;2023;2;1;10;;74,3;15,8;9,9
43;2023;2;2;10;;75,7;14,5;9,8
43;2023;3;0;10;;65,9;22;12,1
43;2023;3;1;10;;63,2;23,7;13,1
43;2023;3;2;10;;83,6;11,2;5,2
43;2023;4;0;10;;94,8;5,1;0,1
43;2023;4;1;10;;94,8;5,1;0,1
43;2023;4;2;10;;96,6;3,4;0
43;2023;5;0;10;;74,9;15,7;9,4
43;2023;5;1;10;;74,7;15,8;9,5
43;2023;5;2;10;;78,8;13,5;7,7
50;2023;0;0;10;;86,4;10,5;3,1
50;2023;0;1;10;;86,8;10,2;3
50;2023;0;2;10;;81,6;14,1;4,3
50;2023;1;0;10;;96,6;2,3;1,1
50;2023;1;1;10;;97,3;1,8;0,9
50;2023;1;2;10;;90,1;7,9;2
50;2023;2;0;10;;84,7;11,7;3,6
50;2023;2;1;10;;85,1;11,4;3,5
50;2023;2;2;10;;80,6;14,7;4,7
50;2023;3;0;10;;73,6;26,4;0
50;2023;3;1;10;;;;
50;2023;3;2;10;;73,6;26,4;0
50;2023;4;0;10;;96,1;3,9;0
50;2023;4;1;10;;96,3;3,7;0
50;2023;4;2;10;;91,7;7,6;0,7
50;2023;5;0;10;;85,3;11,2;3,5
50;2023;5;1;10;;85,6;11;3,4
50;2023;5;2;10;;81;14,5;4,5
51;2023;0;0;10;;95,2;2,2;2,6
51;2023;0;1;10;;95,1;2,2;2,7
51;2023;0;2;10;;96,1;2,8;1,1
51;2023;1;0;10;;90,6;8,8;0,6
51;2023;1;1;10;;91,4;7,8;0,8
51;2023;1;2;10;;88,3;11,6;0,1
51;2023;2;0;10;;95,2;1,7;3,1
51;2023;2;1;10;;95;1,8;3,2
51;2023;2;2;10;;97,8;0,9;1,3
51;2023;3;0;10;;;;
51;2023;3;1;10;;;;
51;2023;3;2;10;;;;
51;2023;4;0;10;;97,3;2,5;0,2
51;2023;4;1;10;;97,3;2,5;0,2
51;2023;4;2;10;;;;
51;2023;5;0;10;;95;2,2;2,8
51;2023;5;1;10;;94,8;2,1;3,1
51;2023;5;2;10;;96,1;2,8;1,1
52;2023;0;0;10;;97,1;2,1;0,8
52;2023;0;1;10;;97,2;2,1;0,7
52;2023;0;2;10;;93,5;5,2;1,3
52;2023;1;0;10;;79,7;18,6;1,7
52;2023;1;1;10;;79,5;19,4;1,1
52;2023;1;2;10;;80,3;16,4;3,3
52;2023;2;0;10;;97,8;1,4;0,8
52;2023;2;1;10;;97,8;1,4;0,8
52;2023;2;2;10;;99,3;0,2;0,5
52;2023;3;0;10;;91,7;6,2;2,1
52;2023;3;1;10;;91,2;6,5;2,3
52;2023;3;2;10;;96;4;0
52;2023;4;0;10;;96,8;3;0,2
52;2023;4;1;10;;96,8;3;0,2
52;2023;4;2;10;;97,4;2,2;0,4
52;2023;5;0;10;;97,2;2;0,8
52;2023;5;1;10;;97,3;1,9;0,8
52;2023;5;2;10;;93,1;5,5;1,4
53;2023;0;0;10;;87,8;9,1;3,1
53;2023;0;1;10;;87,7;9,2;3,1
53;2023;0;2;10;;91,1;7,1;1,8
53;2023;1;0;10;;84,8;12;3,2
53;2023;1;1;10;;84,4;12,1;3,5
53;2023;1;2;10;;85,8;11,8;2,4
53;2023;2;0;10;;85,7;10,4;3,9
53;2023;2;1;10;;85,5;10,5;4
53;2023;2;2;10;;92,5;5,8;1,7
53;2023;4;0;10;;95,5;4,5;0
53;2023;4;1;10;;95,5;4,5;0
53;2023;4;2;10;;100;0;0
53;2023;5;0;10;;85,6;10,4;4
53;2023;5;1;10;;85,4;10,5;4,1
53;2023;5;2;10;;90,1;7,9;2
11;2023;0;0;11;;91,3;4,9;3,8
11;2023;0;1;11;;91,3;5;3,7
11;2023;0;2;11;;91,1;3;5,9
11;2023;1;0;11;;93,6;6,3;0,1
11;2023;1;1;11;;92,4;7,5;0,1
11;2023;1;2;11;;97,4;2,3;0,3
11;2023;2;0;11;;90,7;4,9;4,4
11;2023;2;1;11;;90,8;5;4,2
11;2023;2;2;11;;87,7;2,8;9,5
11;2023;3;0;11;;;;
11;2023;3;1;11;;;;
11;2023;3;2;11;;;;
11;2023;4;0;11;;96,4;3,1;0,5
11;2023;4;1;11;;97,1;2,8;0,1
11;2023;4;2;11;;92,3;4,5;3,2
11;2023;5;0;11;;90,9;5;4,1
11;2023;5;1;11;;90,9;5,2;3,9
11;2023;5;2;11;;90,8;2,6;6,6
12;2023;0;0;11;;89,9;5,5;4,6
12;2023;0;1;11;;90,7;6,1;3,2
12;2023;0;2;11;;86,8;3;10,2
12;2023;1;0;11;;94,7;3,8;1,5
12;2023;1;1;11;;93,7;4,5;1,8
12;2023;1;2;11;;97,8;1,4;0,8
12;2023;2;0;11;;89,2;5,8;5
12;2023;2;1;11;;90,1;6,5;3,4
12;2023;2;2;11;;86,1;3,1;10,8
12;2023;3;0;11;;;;
12;2023;3;1;11;;;;
12;2023;3;2;11;;;;
12;2023;4;0;11;;95,7;2;2,3
12;2023;4;1;11;;95,7;2;2,3
12;2023;5;0;11;;89,5;5,7;4,8
12;2023;5;1;11;;90,2;6,4;3,4
12;2023;5;2;11;;86,8;3;10,2
13;2023;0;0;11;;89,3;6,5;4,2
13;2023;0;1;11;;89,5;7;3,5
13;2023;0;2;11;;88,8;4,5;6,7
13;2023;1;0;11;;93,9;5,8;0,3
13;2023;1;1;11;;93,7;6;0,3
13;2023;1;2;11;;95,2;4,8;0
13;2023;2;0;11;;88,8;6,7;4,5
13;2023;2;1;11;;88,8;7,3;3,9
13;2023;2;2;11;;88,6;4,5;6,9
13;2023;3;0;11;;;;
13;2023;3;1;11;;;;
13;2023;3;2;11;;;;
13;2023;4;0;11;;96,2;3,4;0,4
13;2023;4;1;11;;96,2;3,4;0,4
13;2023;4;2;11;;100;0;0
13;2023;5;0;11;;89;6,7;4,3
13;2023;5;1;11;;89;7,2;3,8
13;2023;5;2;11;;88,7;4,5;6,8
14;2023;0;0;11;;90,4;6,2;3,4
14;2023;0;1;11;;91,1;6,8;2,1
14;2023;0;2;11;;87,5;3,6;8,9
14;2023;1;0;11;;92,8;5,7;1,5
14;2023;1;1;11;;92,1;6,2;1,7
14;2023;1;2;11;;94,7;4,6;0,7
14;2023;2;0;11;;90;6,3;3,7
14;2023;2;1;11;;90,7;7;2,3
14;2023;2;2;11;;86,8;3,5;9,7
14;2023;3;0;11;;;;
14;2023;3;1;11;;;;
14;2023;3;2;11;;;;
14;2023;4;0;11;;95,5;4,5;0
14;2023;4;1;11;;95,5;4,5;0
14;2023;4;2;11;;100;0;0
14;2023;5;0;11;;90,2;6,3;3,5
14;2023;5;1;11;;90,8;6,9;2,3
14;2023;5;2;11;;87,4;3,6;9
15;2023;0;0;11;;99,7;0,3;0
15;2023;0;1;11;;99,7;0,3;0
15;2023;0;2;11;;99,8;0,1;0,1
15;2023;1;0;11;;92,7;6,2;1,1
15;2023;1;1;11;;92,8;6,1;1,1
15;2023;1;2;11;;90,1;6,9;3
15;2023;2;0;11;;100;0;0
15;2023;2;1;11;;100;0;0
15;2023;2;2;11;;100;0;0
15;2023;3;0;11;;100;0;0
15;2023;3;1;11;;100;0;0
15;2023;3;2;11;;;;
15;2023;4;0;11;;98,4;1,2;0,4
15;2023;4;1;11;;98,7;1,1;0,2
15;2023;4;2;11;;88,2;4,6;7,2
15;2023;5;0;11;;99,8;0,2;0
15;2023;5;1;11;;99,8;0,2;0
15;2023;5;2;11;;100;0;0
16;2023;0;0;11;;88,6;6,7;4,7
16;2023;0;1;11;;89,5;6,8;3,7
16;2023;0;2;11;;82,8;5,9;11,3
16;2023;1;0;11;;95,8;4,2;0
16;2023;1;1;11;;95,8;4,2;0
16;2023;2;0;11;;87,3;7,4;5,3
16;2023;2;1;11;;88,1;7,7;4,2
16;2023;2;2;11;;82,7;6;11,3
16;2023;3;0;11;;;;
16;2023;3;1;11;;;;
16;2023;3;2;11;;;;
16;2023;4;0;11;;98,7;0,7;0,6
16;2023;4;1;11;;99,5;0,5;0
16;2023;4;2;11;;84,8;4,3;10,9
16;2023;5;0;11;;87,7;7,2;5,1
16;2023;5;1;11;;88,5;7,5;4
16;2023;5;2;11;;82,7;6;11,3
17;2023;0;0;11;;94,8;3,4;1,8
17;2023;0;1;11;;94,9;3,3;1,8
17;2023;0;2;11;;93,6;4;2,4
17;2023;1;0;11;;90,3;9,4;0,3
17;2023;1;1;11;;90,1;9,4;0,5
17;2023;1;2;11;;90,6;9,4;0
17;2023;2;0;11;;94,7;3,3;2
17;2023;2;1;11;;94,8;3,3;1,9
17;2023;2;2;11;;93,9;3,2;2,9
17;2023;3;0;11;;;;
17;2023;3;1;11;;;;
17;2023;3;2;11;;;;
17;2023;4;0;11;;98,5;1,2;0,3
17;2023;4;1;11;;98,6;1,2;0,2
17;2023;4;2;11;;96,7;3,3;0
17;2023;5;0;11;;94,5;3,5;2
17;2023;5;1;11;;94,6;3,5;1,9
17;2023;5;2;11;;93,5;4;2,5
21;2023;0;0;11;;92,8;3,9;3,3
21;2023;0;1;11;;93,2;3,9;2,9
21;2023;0;2;11;;90,9;4,2;4,9
21;2023;1;0;11;;90,4;8,6;1
21;2023;1;1;11;;89,9;8,9;1,2
21;2023;1;2;11;;91,7;7,4;0,9
21;2023;2;0;11;;92,6;3,9;3,5
21;2023;2;1;11;;93;3,9;3,1
21;2023;2;2;11;;90,3;4,2;5,5
21;2023;3;0;11;;99,3;0,1;0,6
21;2023;3;1;11;;99,4;0;0,6
21;2023;3;2;11;;99,3;0,1;0,6
21;2023;4;0;11;;97,7;1,5;0,8
21;2023;4;1;11;;98,5;1,2;0,3
21;2023;4;2;11;;87,4;5,2;7,4
21;2023;5;0;11;;92,5;4,1;3,4
21;2023;5;1;11;;92,8;4,1;3,1
21;2023;5;2;11;;91;4,1;4,9
22;2023;0;0;11;;96,1;1,6;2,3
22;2023;0;1;11;;96,2;1,6;2,2
22;2023;0;2;11;;94,6;1,6;3,8
22;2023;1;0;11;;92,2;6,6;1,2
22;2023;1;1;11;;92;7,3;0,7
22;2023;1;2;11;;92,8;4,7;2,5
22;2023;2;0;11;;96,2;1,3;2,5
22;2023;2;1;11;;96,2;1,3;2,5
22;2023;2;2;11;;94,8;1,2;4
22;2023;3;0;11;;;;
22;2023;3;1;11;;;;
22;2023;3;2;11;;;;
22;2023;4;0;11;;96,3;3,3;0,4
22;2023;4;1;11;;96,3;3,3;0,4
22;2023;4;2;11;;100;0;0
22;2023;5;0;11;;96;1,4;2,6
22;2023;5;1;11;;96,1;1,4;2,5
22;2023;5;2;11;;94,6;1,6;3,8
23;2023;0;0;11;;96,6;1,2;2,2
23;2023;0;1;11;;96,6;1,3;2,1
23;2023;0;2;11;;97,4;0,6;2
23;2023;1;0;11;;82,9;15,2;1,9
23;2023;1;1;11;;83,1;14,9;2
23;2023;1;2;11;;80,6;19,4;0
23;2023;2;0;11;;96,7;1;2,3
23;2023;2;1;11;;96,6;1;2,4
23;2023;2;2;11;;97,6;0,3;2,1
23;2023;3;0;11;;;;
23;2023;3;1;11;;;;
23;2023;3;2;11;;;;
23;2023;4;0;11;;97,9;1,9;0,2
23;2023;4;1;11;;97,9;1,9;0,2
23;2023;4;2;11;;100;0;0
23;2023;5;0;11;;96,5;1,2;2,3
23;2023;5;1;11;;96,4;1,2;2,4
23;2023;5;2;11;;97,4;0,6;2
24;2023;0;0;11;;82,1;10;7,9
24;2023;0;1;11;;82,1;10,1;7,8
24;2023;0;2;11;;82,4;8,1;9,5
24;2023;1;0;11;;87,1;12,1;0,8
24;2023;1;1;11;;86,8;12,3;0,9
24;2023;1;2;11;;90,3;9,7;0
24;2023;2;0;11;;79,1;11;9,9
24;2023;2;1;11;;79;11,2;9,8
24;2023;2;2;11;;80,7;7,8;11,5
24;2023;3;0;11;;;;
24;2023;3;1;11;;;;
24;2023;3;2;11;;;;
24;2023;4;0;11;;97,1;2,7;0,2
24;2023;4;1;11;;97,1;2,8;0,1
24;2023;4;2;11;;100;0;0
24;2023;5;0;11;;79,9;11,1;9
24;2023;5;1;11;;79,8;11,3;8,9
24;2023;5;2;11;;82,3;8,1;9,6
25;2023;0;0;11;;86,4;6,9;6,7
25;2023;0;1;11;;86,5;6,9;6,6
25;2023;0;2;11;;84,8;8,1;7,1
25;2023;1;0;11;;93,1;6,4;0,5
25;2023;1;1;11;;93,1;6,4;0,5
25;2023;1;2;11;;95;5;0
25;2023;2;0;11;;84,1;7,8;8,1
25;2023;2;1;11;;84,1;7,7;8,2
25;2023;2;2;11;;84,4;8,2;7,4
25;2023;3;0;11;;87,5;7,5;5
25;2023;3;1;11;;78,9;10,5;10,6
25;2023;3;2;11;;95,2;4,8;0
25;2023;4;0;11;;97,6;2,1;0,3
25;2023;4;1;11;;97,6;2,1;0,3
25;2023;4;2;11;;;;
25;2023;5;0;11;;84,7;7,7;7,6
25;2023;5;1;11;;84,7;7,7;7,6
25;2023;5;2;11;;84,8;8,1;7,1
26;2023;0;0;11;;95,4;3,9;0,7
26;2023;0;1;11;;95,5;3,9;0,6
26;2023;0;2;11;;92,8;5,1;2,1
26;2023;1;0;11;;85,3;12,6;2,1
26;2023;1;1;11;;86;11,9;2,1
26;2023;1;2;11;;80,7;17,7;1,6
26;2023;2;0;11;;95,2;4,1;0,7
26;2023;2;1;11;;95,4;4;0,6
26;2023;2;2;11;;93,3;4,7;2
26;2023;3;0;11;;73,1;10,4;16,5
26;2023;3;1;11;;;;
26;2023;3;2;11;;73,1;10,4;16,5
26;2023;4;0;11;;97,9;1,7;0,4
26;2023;4;1;11;;97,9;1,7;0,4
26;2023;4;2;11;;100;0;0
26;2023;5;0;11;;95;4,2;0,8
26;2023;5;1;11;;95,2;4,1;0,7
26;2023;5;2;11;;92,7;5,1;2,2
27;2023;0;0;11;;94,2;3,1;2,7
27;2023;0;1;11;;94,2;3,2;2,6
27;2023;0;2;11;;94,7;2,3;3
27;2023;1;0;11;;92,5;6;1,5
27;2023;1;1;11;;92,5;6;1,5
27;2023;2;0;11;;94;3;3
27;2023;2;1;11;;93,9;3;3,1
27;2023;2;2;11;;94,7;2,3;3
27;2023;3;0;11;;;;
27;2023;3;1;11;;;;
27;2023;3;2;11;;;;
27;2023;4;0;11;;96,8;2,9;0,3
27;2023;4;1;11;;96,8;2,9;0,3
27;2023;4;2;11;;100;0;0
27;2023;5;0;11;;93,9;3,2;2,9
27;2023;5;1;11;;93,8;3,2;3
27;2023;5;2;11;;94,7;2,3;3
28;2023;0;0;11;;90,9;6,6;2,5
28;2023;0;1;11;;90,8;6,8;2,4
28;2023;0;2;11;;93,5;4,4;2,1
28;2023;1;0;11;;86,7;12,2;1,1
28;2023;1;1;11;;84,6;14,4;1
28;2023;1;2;11;;89,9;8,9;1,2
28;2023;2;0;11;;89,8;7,3;2,9
28;2023;2;1;11;;89,6;7,5;2,9
28;2023;2;2;11;;94,2;3,5;2,3
28;2023;3;0;11;;;;
28;2023;3;1;11;;;;
28;2023;3;2;11;;;;
28;2023;4;0;11;;97,7;2;0,3
28;2023;4;1;11;;97,7;2;0,3
28;2023;4;2;11;;;;
28;2023;5;0;11;;89,7;7,4;2,9
28;2023;5;1;11;;89,5;7,6;2,9
28;2023;5;2;11;;93,5;4,4;2,1
29;2023;0;0;11;;92,9;2;5,1
29;2023;0;1;11;;92,8;2;5,2
29;2023;0;2;11;;94,2;1,8;4
29;2023;1;0;11;;88,8;9,8;1,4
29;2023;1;1;11;;87,8;10,7;1,5
29;2023;1;2;11;;94,7;4,8;0,5
29;2023;2;0;11;;92,5;1,7;5,8
29;2023;2;1;11;;92,4;1,7;5,9
29;2023;2;2;11;;94,3;1,4;4,3
29;2023;3;0;11;;83,6;4,4;12
29;2023;3;1;11;;78,9;5,1;16
29;2023;3;2;11;;88,4;3,7;7,9
29;2023;4;0;11;;97,1;2,5;0,4
29;2023;4;1;11;;97,3;2,4;0,3
29;2023;4;2;11;;93,7;4,3;2
29;2023;5;0;11;;92,4;1,9;5,7
29;2023;5;1;11;;92,3;2;5,7
29;2023;5;2;11;;94,2;1,6;4,2
31;2023;0;0;11;;88,7;6,2;5,1
31;2023;0;1;11;;88,6;6,3;5,1
31;2023;0;2;11;;93,9;3,7;2,4
31;2023;1;0;11;;92,9;6,8;0,3
31;2023;1;1;11;;92,8;6,9;0,3
31;2023;1;2;11;;93,3;6,3;0,4
31;2023;2;0;11;;87,4;6,7;5,9
31;2023;2;1;11;;87,2;6,8;6
31;2023;2;2;11;;93,9;2,5;3,6
31;2023;3;0;11;;92,7;5,4;1,9
31;2023;3;1;11;;92,5;5,5;2
31;2023;3;2;11;;96,4;1,8;1,8
31;2023;4;0;11;;97,1;2,7;0,2
31;2023;4;1;11;;97,2;2,7;0,1
31;2023;4;2;11;;95;2,6;2,4
31;2023;5;0;11;;87,6;6,7;5,7
31;2023;5;1;11;;87,4;6,8;5,8
31;2023;5;2;11;;93,8;3,8;2,4
32;2023;0;0;11;;95,4;3;1,6
32;2023;0;1;11;;95,4;2,9;1,7
32;2023;0;2;11;;94,1;4,8;1,1
32;2023;1;0;11;;93,4;5,2;1,4
32;2023;1;1;11;;93,9;4,5;1,6
32;2023;1;2;11;;91,6;7,2;1,2
32;2023;2;0;11;;95,1;2,9;2
32;2023;2;1;11;;95,1;2,9;2
32;2023;2;2;11;;95,7;4,1;0,2
32;2023;3;0;11;;;;
32;2023;3;1;11;;;;
32;2023;3;2;11;;;;
32;2023;4;0;11;;97,9;1,8;0,3
32;2023;4;1;11;;98,2;1,8;0
32;2023;4;2;11;;94,8;2,6;2,6
32;2023;5;0;11;;95;3,1;1,9
32;2023;5;1;11;;95;3;2
32;2023;5;2;11;;94;5,4;0,6
33;2023;0;0;11;;84,6;11,2;4,2
33;2023;0;1;11;;84,5;11,3;4,2
33;2023;0;2;11;;88,5;8,3;3,2
33;2023;1;0;11;;84,3;14,1;1,6
33;2023;1;1;11;;84,4;14;1,6
33;2023;1;2;11;;80,7;16,5;2,8
33;2023;2;0;11;;81,2;13,3;5,5
33;2023;2;1;11;;80,9;13,5;5,6
33;2023;2;2;11;;88,4;8,3;3,3
33;2023;3;0;11;;89,8;7,5;2,7
33;2023;3;1;11;;89,8;7,5;2,7
33;2023;3;2;11;;;;
33;2023;4;0;11;;96,6;3,2;0,2
33;2023;4;1;11;;96,6;3,2;0,2
33;2023;4;2;11;;98;2;0
33;2023;5;0;11;;81,4;13,3;5,3
33;2023;5;1;11;;81,1;13,5;5,4
33;2023;5;2;11;;88,1;8,6;3,3
35;2023;0;0;11;;92,5;4,4;3,1
35;2023;0;1;11;;92,5;4,5;3
35;2023;0;2;11;;96,6;1,6;1,8
35;2023;1;0;11;;95,7;4,1;0,2
35;2023;1;1;11;;95,7;4,1;0,2
35;2023;2;0;11;;91,4;5;3,6
35;2023;2;1;11;;91,3;5;3,7
35;2023;2;2;11;;96,5;1,6;1,9
35;2023;3;0;11;;96,5;2,6;0,9
35;2023;3;1;11;;96,5;2,6;0,9
35;2023;3;2;11;;95,5;3,4;1,1
35;2023;4;0;11;;98,6;1,4;0
35;2023;4;1;11;;98,6;1,4;0
35;2023;4;2;11;;99,2;0,8;0
35;2023;5;0;11;;91,5;4,9;3,6
35;2023;5;1;11;;91,4;5;3,6
35;2023;5;2;11;;96,4;1,6;2
41;2023;0;0;11;;96,7;2,6;0,7
41;2023;0;1;11;;96,7;2,6;0,7
41;2023;0;2;11;;97,6;1,6;0,8
41;2023;1;0;11;;92;6,7;1,3
41;2023;1;1;11;;91,8;6,9;1,3
41;2023;1;2;11;;96,8;3,2;0
41;2023;2;0;11;;96,6;2,6;0,8
41;2023;2;1;11;;96,5;2,7;0,8
41;2023;2;2;11;;97,6;1,5;0,9
41;2023;3;0;11;;;;
41;2023;3;1;11;;;;
41;2023;3;2;11;;;;
41;2023;4;0;11;;98,1;1,9;0
41;2023;4;1;11;;98,2;1,8;0
41;2023;4;2;11;;95,9;4,1;0
41;2023;5;0;11;;96,5;2,7;0,8
41;2023;5;1;11;;96,4;2,8;0,8
41;2023;5;2;11;;97,6;1,5;0,9
42;2023;0;0;11;;84,6;10,6;4,8
42;2023;0;1;11;;84,5;10,6;4,9
42;2023;0;2;11;;88,7;8,3;3
42;2023;1;0;11;;88,9;9,2;1,9
42;2023;1;1;11;;89;9,1;1,9
42;2023;1;2;11;;88,2;10,8;1
42;2023;2;0;11;;82,1;12,1;5,8
42;2023;2;1;11;;82;12,2;5,8
42;2023;2;2;11;;87,8;8,6;3,6
42;2023;3;0;11;;96,2;2,3;1,5
42;2023;3;1;11;;97,9;2,1;0
42;2023;3;2;11;;91,9;2,7;5,4
42;2023;4;0;11;;98;1,8;0,2
42;2023;4;1;11;;98;1,8;0,2
42;2023;4;2;11;;97,4;2,6;0
42;2023;5;0;11;;82,5;12;5,5
42;2023;5;1;11;;82,3;12,1;5,6
42;2023;5;2;11;;87,9;8,8;3,3
43;2023;0;0;11;;83;9,2;7,8
43;2023;0;1;11;;82,9;9,2;7,9
43;2023;0;2;11;;86;7,5;6,5
43;2023;1;0;11;;89,3;9,1;1,6
43;2023;1;1;11;;88;10,2;1,8
43;2023;1;2;11;;93,4;5,8;0,8
43;2023;2;0;11;;80,6;10,1;9,3
43;2023;2;1;11;;80,5;10,1;9,4
43;2023;2;2;11;;82,7;8,5;8,8
43;2023;3;0;11;;83,9;9;7,1
43;2023;3;1;11;;82,8;9,8;7,4
43;2023;3;2;11;;89,1;5;5,9
43;2023;4;0;11;;96,8;3;0,2
43;2023;4;1;11;;96,8;3;0,2
43;2023;4;2;11;;95,1;3,4;1,5
43;2023;5;0;11;;81;10;9
43;2023;5;1;11;;80,8;10,1;9,1
43;2023;5;2;11;;85,6;7,7;6,7
50;2023;0;0;11;;87,8;8,4;3,8
50;2023;0;1;11;;88,2;8,1;3,7
50;2023;0;2;11;;83,4;11,3;5,3
50;2023;1;0;11;;97;1,8;1,2
50;2023;1;1;11;;97,8;0,9;1,3
50;2023;1;2;11;;92,3;6,5;1,2
50;2023;2;0;11;;86;9,5;4,5
50;2023;2;1;11;;86,4;9,3;4,3
50;2023;2;2;11;;81,4;12,5;6,1
50;2023;3;0;11;;97,1;2,9;0
50;2023;3;1;11;;;;
50;2023;3;2;11;;97,1;2,9;0
50;2023;4;0;11;;97,8;2,1;0,1
50;2023;4;1;11;;97,8;2,1;0,1
50;2023;4;2;11;;97,4;1,7;0,9
50;2023;5;0;11;;86,5;9,2;4,3
50;2023;5;1;11;;86,8;9;4,2
50;2023;5;2;11;;82,6;11,9;5,5
51;2023;0;0;11;;96,6;1,5;1,9
51;2023;0;1;11;;96,5;1,5;2
51;2023;0;2;11;;97;1,6;1,4
51;2023;1;0;11;;94,4;5,5;0,1
51;2023;1;1;11;;93,7;6,1;0,2
51;2023;1;2;11;;96,8;3;0,2
51;2023;2;0;11;;96,5;1,2;2,3
51;2023;2;1;11;;96,4;1,2;2,4
51;2023;2;2;11;;97,1;1,5;1,4
51;2023;3;0;11;;;;
51;2023;3;1;11;;;;
51;2023;3;2;11;;;;
51;2023;4;0;11;;98,4;1,5;0,1
51;2023;4;1;11;;98,4;1,5;0,1
51;2023;4;2;11;;100;0;0
51;2023;5;0;11;;96,4;1,5;2,1
51;2023;5;1;11;;96,3;1,5;2,2
51;2023;5;2;11;;97;1,6;1,4
52;2023;0;0;11;;98;1,3;0,7
52;2023;0;1;11;;98;1,3;0,7
52;2023;0;2;11;;97,1;2,3;0,6
52;2023;1;0;11;;89,3;10;0,7
52;2023;1;1;11;;88,5;10,9;0,6
52;2023;1;2;11;;91,6;7,2;1,2
52;2023;2;0;11;;98,3;1;0,7
52;2023;2;1;11;;98,2;1;0,8
52;2023;2;2;11;;99;0,5;0,5
52;2023;3;0;11;;95,4;2,6;2
52;2023;3;1;11;;94,7;3,1;2,2
52;2023;3;2;11;;100;0;0
52;2023;4;0;11;;98;1,8;0,2
52;2023;4;1;11;;98;1,8;0,2
52;2023;4;2;11;;97,8;2,2;0
52;2023;5;0;11;;98;1,3;0,7
52;2023;5;1;11;;98;1,2;0,8
52;2023;5;2;11;;97,1;2,3;0,6
53;2023;0;0;11;;83,6;12,9;3,5
53;2023;0;1;11;;83,5;12,9;3,6
53;2023;0;2;11;;85;13,1;1,9
53;2023;1;0;11;;90,6;7,4;2
53;2023;1;1;11;;92,4;5,7;1,9
53;2023;1;2;11;;67,6;29,6;2,8
53;2023;2;0;11;;79,6;15,7;4,7
53;2023;2;1;11;;79,5;15,8;4,7
53;2023;2;2;11;;83,8;14;2,2
53;2023;4;0;11;;96,6;3,3;0,1
53;2023;4;1;11;;96,5;3,4;0,1
53;2023;4;2;11;;100;0;0
53;2023;5;0;11;;80;15,5;4,5
53;2023;5;1;11;;79,9;15,5;4,6
53;2023;5;2;11;;82,1;15,6;2,3
11;2023;0;0;12;;93,9;2,8;3,3
11;2023;0;1;12;;93,9;2,9;3,2
11;2023;0;2;12;;94;1,7;4,3
11;2023;1;0;12;;97,5;2,4;0,1
11;2023;1;1;12;;97,3;2,6;0,1
11;2023;1;2;12;;98,4;1,6;0
11;2023;2;0;12;;93,3;2,9;3,8
11;2023;2;1;12;;93,4;3;3,6
11;2023;2;2;12;;91,6;0,2;8,2
11;2023;3;0;12;;;;
11;2023;3;1;12;;;;
11;2023;3;2;12;;;;
11;2023;4;0;12;;97,2;2,3;0,5
11;2023;4;1;12;;98,1;1,7;0,2
11;2023;4;2;12;;92,3;6;1,7
11;2023;5;0;12;;93,7;2,8;3,5
11;2023;5;1;12;;93,6;2,9;3,5
11;2023;5;2;12;;94,3;0,8;4,9
12;2023;0;0;12;;94;2,5;3,5
12;2023;0;1;12;;95,4;2,8;1,8
12;2023;0;2;12;;87,5;1,4;11,1
12;2023;1;0;12;;97,4;2,4;0,2
12;2023;1;1;12;;97,4;2,3;0,3
12;2023;1;2;12;;97,1;2,9;0
12;2023;2;0;12;;93,4;2,7;3,9
12;2023;2;1;12;;94,9;3;2,1
12;2023;2;2;12;;87,1;1,3;11,6
12;2023;3;0;12;;;;
12;2023;3;1;12;;;;
12;2023;3;2;12;;;;
12;2023;4;0;12;;98,1;0,7;1,2
12;2023;4;1;12;;98,1;0,7;1,2
12;2023;5;0;12;;93,6;2,7;3,7
12;2023;5;1;12;;95,1;3;1,9
12;2023;5;2;12;;87,5;1,4;11,1
13;2023;0;0;12;;93,3;3,6;3,1
13;2023;0;1;12;;93,7;3,6;2,7
13;2023;0;2;12;;91,4;3,6;5
13;2023;1;0;12;;93,5;5,9;0,6
13;2023;1;1;12;;93,2;6,2;0,6
13;2023;1;2;12;;96,4;3;0,6
13;2023;2;0;12;;92,9;3,6;3,5
13;2023;2;1;12;;93,3;3,6;3,1
13;2023;2;2;12;;91,3;3,6;5,1
13;2023;3;0;12;;;;
13;2023;3;1;12;;;;
13;2023;3;2;12;;;;
13;2023;4;0;12;;99;0,8;0,2
13;2023;4;1;12;;98,9;0,8;0,3
13;2023;4;2;12;;100;0;0
13;2023;5;0;12;;93;3,7;3,3
13;2023;5;1;12;;93,3;3,8;2,9
13;2023;5;2;12;;91,4;3,6;5
14;2023;0;0;12;;91,5;5,1;3,4
14;2023;0;1;12;;91,7;5,8;2,5
14;2023;0;2;12;;90,7;2,2;7,1
14;2023;1;0;12;;96,4;2,6;1
14;2023;1;1;12;;98,1;0,8;1,1
14;2023;1;2;12;;92,8;6,6;0,6
14;2023;2;0;12;;90,6;5,5;3,9
14;2023;2;1;12;;90,6;6,6;2,8
14;2023;2;2;12;;90,3;1,6;8,1
14;2023;3;0;12;;;;
14;2023;3;1;12;;;;
14;2023;3;2;12;;;;
14;2023;4;0;12;;98,2;1,3;0,5
14;2023;4;1;12;;98,2;1,3;0,5
14;2023;4;2;12;;100;0;0
14;2023;5;0;12;;91;5,3;3,7
14;2023;5;1;12;;91,2;6,1;2,7
14;2023;5;2;12;;90,6;2,2;7,2
15;2023;0;0;12;;96,2;2,6;1,2
15;2023;0;1;12;;97,4;1,9;0,7
15;2023;0;2;12;;91;5,9;3,1
15;2023;1;0;12;;93,4;5;1,6
15;2023;1;1;12;;93,3;5,1;1,6
15;2023;1;2;12;;95,6;1,5;2,9
15;2023;2;0;12;;96;2,8;1,2
15;2023;2;1;12;;97,3;1,9;0,8
15;2023;2;2;12;;91,3;6;2,7
15;2023;3;0;12;;100;0;0
15;2023;3;1;12;;100;0;0
15;2023;3;2;12;;;;
15;2023;4;0;12;;98,3;0,8;0,9
15;2023;4;1;12;;99;0,7;0,3
15;2023;4;2;12;;69,9;2,7;27,4
15;2023;5;0;12;;96;2,8;1,2
15;2023;5;1;12;;97,1;2;0,9
15;2023;5;2;12;;91,4;5,9;2,7
16;2023;0;0;12;;90,6;5,9;3,5
16;2023;0;1;12;;90,9;6,2;2,9
16;2023;0;2;12;;88,9;4;7,1
16;2023;1;0;12;;97,1;2,6;0,3
16;2023;1;1;12;;97,1;2,6;0,3
16;2023;2;0;12;;89;6,8;4,2
16;2023;2;1;12;;89;7,3;3,7
16;2023;2;2;12;;89;3,8;7,2
16;2023;3;0;12;;;;
16;2023;3;1;12;;;;
16;2023;3;2;12;;;;
16;2023;4;0;12;;99,2;0,7;0,1
16;2023;4;1;12;;99,9;0,1;0
16;2023;4;2;12;;83,9;12,9;3,2
16;2023;5;0;12;;89,8;6,4;3,8
16;2023;5;1;12;;89,9;6,8;3,3
16;2023;5;2;12;;89;3,8;7,2
17;2023;0;0;12;;97,6;1,4;1
17;2023;0;1;12;;97,7;1,4;0,9
17;2023;0;2;12;;96,1;2,3;1,6
17;2023;1;0;12;;97,6;1,9;0,5
17;2023;1;1;12;;97,2;2,3;0,5
17;2023;1;2;12;;98,6;0,9;0,5
17;2023;2;0;12;;97,5;1,5;1
17;2023;2;1;12;;97,6;1,4;1
17;2023;2;2;12;;95,4;2,7;1,9
17;2023;3;0;12;;;;
17;2023;3;1;12;;;;
17;2023;3;2;12;;;;
17;2023;4;0;12;;99,5;0,4;0,1
17;2023;4;1;12;;99,4;0,4;0,2
17;2023;4;2;12;;100;0;0
17;2023;5;0;12;;97,5;1,5;1
17;2023;5;1;12;;97,6;1,4;1
17;2023;5;2;12;;95,9;2,4;1,7
21;2023;0;0;12;;94,7;2,9;2,4
21;2023;0;1;12;;95;2,8;2,2
21;2023;0;2;12;;92,8;3;4,2
21;2023;1;0;12;;90,1;8,1;1,8
21;2023;1;1;12;;88,1;10;1,9
21;2023;1;2;12;;95,9;2,9;1,2
21;2023;2;0;12;;94,6;2,8;2,6
21;2023;2;1;12;;94,9;2,7;2,4
21;2023;2;2;12;;92,8;2,9;4,3
21;2023;3;0;12;;99,3;0;0,7
21;2023;3;1;12;;100;0;0
21;2023;3;2;12;;98,8;0;1,2
21;2023;4;0;12;;98,1;0,9;1
21;2023;4;1;12;;99,2;0,4;0,4
21;2023;4;2;12;;83,1;8,3;8,6
21;2023;5;0;12;;94,4;3;2,6
21;2023;5;1;12;;94,7;3;2,3
21;2023;5;2;12;;93,1;2,8;4,1
22;2023;0;0;12;;99,6;0,2;0,2
22;2023;0;1;12;;99,6;0,2;0,2
22;2023;0;2;12;;99,4;0,1;0,5
22;2023;1;0;12;;97,3;2,2;0,5
22;2023;1;1;12;;97,3;2,2;0,5
22;2023;1;2;12;;97,8;1,6;0,6
22;2023;2;0;12;;99,7;0;0,3
22;2023;2;1;12;;99,7;0;0,3
22;2023;2;2;12;;99,5;0;0,5
22;2023;3;0;12;;;;
22;2023;3;1;12;;;;
22;2023;3;2;12;;;;
22;2023;4;0;12;;99,5;0,3;0,2
22;2023;4;1;12;;99,5;0,3;0,2
22;2023;4;2;12;;100;0;0
22;2023;5;0;12;;99,6;0,2;0,2
22;2023;5;1;12;;99,6;0,2;0,2
22;2023;5;2;12;;99,4;0,1;0,5
23;2023;0;0;12;;98,7;0,4;0,9
23;2023;0;1;12;;98,6;0,4;1
23;2023;0;2;12;;99,1;0,2;0,7
23;2023;1;0;12;;91,4;6,6;2
23;2023;1;1;12;;91,3;6,6;2,1
23;2023;1;2;12;;93,1;6,9;0
23;2023;2;0;12;;98,7;0,3;1
23;2023;2;1;12;;98,7;0,3;1
23;2023;2;2;12;;99,2;0,1;0,7
23;2023;3;0;12;;;;
23;2023;3;1;12;;;;
23;2023;3;2;12;;;;
23;2023;4;0;12;;99,5;0,4;0,1
23;2023;4;1;12;;99,5;0,4;0,1
23;2023;4;2;12;;95,7;0;4,3
23;2023;5;0;12;;98,6;0,4;1
23;2023;5;1;12;;98,5;0,4;1,1
23;2023;5;2;12;;99,1;0,2;0,7
24;2023;0;0;12;;87,7;7,1;5,2
24;2023;0;1;12;;87,7;7,1;5,2
24;2023;0;2;12;;89,4;6,7;3,9
24;2023;1;0;12;;90,8;8,7;0,5
24;2023;1;1;12;;90,7;8,6;0,7
24;2023;1;2;12;;90,8;9;0,2
24;2023;2;0;12;;85,2;8;6,8
24;2023;2;1;12;;85,1;8,1;6,8
24;2023;2;2;12;;88,3;5,2;6,5
24;2023;3;0;12;;;;
24;2023;3;1;12;;;;
24;2023;3;2;12;;;;
24;2023;4;0;12;;97,8;1,8;0,4
24;2023;4;1;12;;97,8;1,8;0,4
24;2023;4;2;12;;100;0;0
24;2023;5;0;12;;85,9;8,1;6
24;2023;5;1;12;;85,7;8,1;6,2
24;2023;5;2;12;;89,3;6,7;4
25;2023;0;0;12;;91;3,8;5,2
25;2023;0;1;12;;91;3,8;5,2
25;2023;0;2;12;;89,9;3,5;6,6
25;2023;1;0;12;;95,9;3,7;0,4
25;2023;1;1;12;;95,9;3,6;0,5
25;2023;1;2;12;;88,2;5,9;5,9
25;2023;2;0;12;;89,2;4,3;6,5
25;2023;2;1;12;;89,2;4,4;6,4
25;2023;2;2;12;;89,9;3,5;6,6
25;2023;3;0;12;;95,5;0;4,5
25;2023;3;1;12;;91,7;0;8,3
25;2023;3;2;12;;100;0;0
25;2023;4;0;12;;98,8;0,8;0,4
25;2023;4;1;12;;98,8;0,8;0,4
25;2023;4;2;12;;;;
25;2023;5;0;12;;89,6;4,3;6,1
25;2023;5;1;12;;89,6;4,3;6,1
25;2023;5;2;12;;89,9;3,5;6,6
26;2023;0;0;12;;98,4;1,3;0,3
26;2023;0;1;12;;98,5;1,2;0,3
26;2023;0;2;12;;95,8;2,6;1,6
26;2023;1;0;12;;85,1;9;5,9
26;2023;1;1;12;;85,2;8,1;6,7
26;2023;1;2;12;;84,8;13,7;1,5
26;2023;2;0;12;;98,5;1,2;0,3
26;2023;2;1;12;;98,7;1,2;0,1
26;2023;2;2;12;;96,3;2;1,7
26;2023;3;0;12;;96,4;0;3,6
26;2023;3;1;12;;;;
26;2023;3;2;12;;96,4;0;3,6
26;2023;4;0;12;;99,2;0,5;0,3
26;2023;4;1;12;;99,3;0,5;0,2
26;2023;4;2;12;;97,8;2,2;0
26;2023;5;0;12;;98,2;1,4;0,4
26;2023;5;1;12;;98,4;1,3;0,3
26;2023;5;2;12;;95,7;2,6;1,7
27;2023;0;0;12;;96,8;2,2;1
27;2023;0;1;12;;96,7;2,3;1
27;2023;0;2;12;;98,1;0,7;1,2
27;2023;1;0;12;;86,5;12,7;0,8
27;2023;1;1;12;;86,5;12,7;0,8
27;2023;2;0;12;;97,5;1,3;1,2
27;2023;2;1;12;;97,5;1,3;1,2
27;2023;2;2;12;;98,1;0,8;1,1
27;2023;3;0;12;;;;
27;2023;3;1;12;;;;
27;2023;3;2;12;;;;
27;2023;4;0;12;;98,1;1,6;0,3
27;2023;4;1;12;;98,1;1,6;0,3
27;2023;4;2;12;;100;0;0
27;2023;5;0;12;;96,5;2,3;1,2
27;2023;5;1;12;;96,4;2,4;1,2
27;2023;5;2;12;;98,1;0,8;1,1
28;2023;0;0;12;;95,5;2,3;2,2
28;2023;0;1;12;;95,5;2,3;2,2
28;2023;0;2;12;;96,8;1,7;1,5
28;2023;1;0;12;;96;3,5;0,5
28;2023;1;1;12;;95,5;4,2;0,3
28;2023;1;2;12;;96,7;2,5;0,8
28;2023;2;0;12;;94,7;2,6;2,7
28;2023;2;1;12;;94,6;2,7;2,7
28;2023;2;2;12;;96,8;1,5;1,7
28;2023;3;0;12;;;;
28;2023;3;1;12;;;;
28;2023;3;2;12;;;;
28;2023;4;0;12;;99,4;0,6;0
28;2023;4;1;12;;99,4;0,6;0
28;2023;4;2;12;;;;
28;2023;5;0;12;;94,8;2,6;2,6
28;2023;5;1;12;;94,6;2,7;2,7
28;2023;5;2;12;;96,8;1,7;1,5
29;2023;0;0;12;;88,2;5,1;6,7
29;2023;0;1;12;;87,9;5,3;6,8
29;2023;0;2;12;;92;2,4;5,6
29;2023;1;0;12;;92,1;5,7;2,2
29;2023;1;1;12;;91,2;6,8;2
29;2023;1;2;12;;96,7;0,3;3
29;2023;2;0;12;;86,8;5,6;7,6
29;2023;2;1;12;;86,4;5,9;7,7
29;2023;2;2;12;;91,4;2,5;6,1
29;2023;3;0;12;;91,7;2,5;5,8
29;2023;3;1;12;;90;1,3;8,7
29;2023;3;2;12;;93,2;3,6;3,2
29;2023;4;0;12;;98,6;1,1;0,3
29;2023;4;1;12;;98,7;1,1;0,2
29;2023;4;2;12;;95;2,2;2,8
29;2023;5;0;12;;87;5,6;7,4
29;2023;5;1;12;;86,6;5,9;7,5
29;2023;5;2;12;;91,8;2,4;5,8
31;2023;0;0;12;;93;3,7;3,3
31;2023;0;1;12;;92,8;3,8;3,4
31;2023;0;2;12;;96,3;2;1,7
31;2023;1;0;12;;96,8;2,9;0,3
31;2023;1;1;12;;97,1;2,5;0,4
31;2023;1;2;12;;95,7;4,2;0,1
31;2023;2;0;12;;91,9;4,1;4
31;2023;2;1;12;;91,8;4,2;4
31;2023;2;2;12;;96,6;0,9;2,5
31;2023;3;0;12;;96,2;2,7;1,1
31;2023;3;1;12;;96,3;2,8;0,9
31;2023;3;2;12;;94,4;0;5,6
31;2023;4;0;12;;98,2;1,6;0,2
31;2023;4;1;12;;98,2;1,6;0,2
31;2023;4;2;12;;97,4;1,3;1,3
31;2023;5;0;12;;92,2;4;3,8
31;2023;5;1;12;;92;4,1;3,9
31;2023;5;2;12;;96,3;2,1;1,6
32;2023;0;0;12;;98,5;0,8;0,7
32;2023;0;1;12;;98,6;0,7;0,7
32;2023;0;2;12;;96,2;3;0,8
32;2023;1;0;12;;94;4,8;1,2
32;2023;1;1;12;;94,3;4,5;1,2
32;2023;1;2;12;;93;5,9;1,1
32;2023;2;0;12;;98,8;0,5;0,7
32;2023;2;1;12;;98,8;0,4;0,8
32;2023;2;2;12;;99;0,6;0,4
32;2023;3;0;12;;;;
32;2023;3;1;12;;;;
32;2023;3;2;12;;;;
32;2023;4;0;12;;99,3;0,6;0,1
32;2023;4;1;12;;99,5;0,5;0
32;2023;4;2;12;;96,1;2,7;1,2
32;2023;5;0;12;;98,3;0,9;0,8
32;2023;5;1;12;;98,4;0,8;0,8
32;2023;5;2;12;;96,2;3,1;0,7
33;2023;0;0;12;;90,4;6,1;3,5
33;2023;0;1;12;;90,3;6,1;3,6
33;2023;0;2;12;;93,4;4,6;2
33;2023;1;0;12;;94,3;4,2;1,5
33;2023;1;1;12;;94,4;4,1;1,5
33;2023;1;2;12;;89,4;6,5;4,1
33;2023;2;0;12;;87,9;7,5;4,6
33;2023;2;1;12;;87,7;7,6;4,7
33;2023;2;2;12;;93,4;4,5;2,1
33;2023;3;0;12;;92,3;3,6;4,1
33;2023;3;1;12;;92,3;3,6;4,1
33;2023;3;2;12;;;;
33;2023;4;0;12;;98,4;1,4;0,2
33;2023;4;1;12;;98,4;1,4;0,2
33;2023;4;2;12;;95,7;4,3;0
33;2023;5;0;12;;88,1;7,4;4,5
33;2023;5;1;12;;87,9;7,5;4,6
33;2023;5;2;12;;93,3;4,6;2,1
35;2023;0;0;12;;96,3;1,5;2,2
35;2023;0;1;12;;96,3;1,5;2,2
35;2023;0;2;12;;97,7;0,6;1,7
35;2023;1;0;12;;98,4;1,4;0,2
35;2023;1;1;12;;98,4;1,4;0,2
35;2023;2;0;12;;95,5;1,7;2,8
35;2023;2;1;12;;95,5;1,7;2,8
35;2023;2;2;12;;97,5;0,6;1,9
35;2023;3;0;12;;98;1,2;0,8
35;2023;3;1;12;;98;1,2;0,8
35;2023;3;2;12;;96,3;1,2;2,5
35;2023;4;0;12;;99,5;0,5;0
35;2023;4;1;12;;99,5;0,5;0
35;2023;4;2;12;;99,7;0,3;0
35;2023;5;0;12;;95,6;1,7;2,7
35;2023;5;1;12;;95,6;1,7;2,7
35;2023;5;2;12;;97,5;0,6;1,9
41;2023;0;0;12;;98,3;1,1;0,6
41;2023;0;1;12;;98,3;1,2;0,5
41;2023;0;2;12;;99,1;0,6;0,3
41;2023;1;0;12;;94,7;4,1;1,2
41;2023;1;1;12;;94,3;4,3;1,4
41;2023;1;2;12;;100;0;0
41;2023;2;0;12;;98,2;1,2;0,6
41;2023;2;1;12;;98,2;1,3;0,5
41;2023;2;2;12;;99,1;0,6;0,3
41;2023;3;0;12;;;;
41;2023;3;1;12;;;;
41;2023;3;2;12;;;;
41;2023;4;0;12;;99,4;0,5;0,1
41;2023;4;1;12;;99,4;0,5;0,1
41;2023;4;2;12;;98;2;0
41;2023;5;0;12;;98,1;1,3;0,6
41;2023;5;1;12;;98,1;1,3;0,6
41;2023;5;2;12;;99,1;0,6;0,3
42;2023;0;0;12;;91,6;4,6;3,8
42;2023;0;1;12;;91,5;4,6;3,9
42;2023;0;2;12;;95;3;2
42;2023;1;0;12;;93,3;5;1,7
42;2023;1;1;12;;93,4;4,7;1,9
42;2023;1;2;12;;91,9;7,7;0,4
42;2023;2;0;12;;90,1;5,3;4,6
42;2023;2;1;12;;90;5,4;4,6
42;2023;2;2;12;;94,9;2,5;2,6
42;2023;3;0;12;;99,1;0,9;0
42;2023;3;1;12;;100;0;0
42;2023;3;2;12;;97,1;2,9;0
42;2023;4;0;12;;99;0,8;0,2
42;2023;4;1;12;;99;0,8;0,2
42;2023;4;2;12;;100;0;0
42;2023;5;0;12;;90,3;5,3;4,4
42;2023;5;1;12;;90,2;5,3;4,5
42;2023;5;2;12;;94,5;3,3;2,2
43;2023;0;0;12;;90,8;3,5;5,7
43;2023;0;1;12;;90,8;3,4;5,8
43;2023;0;2;12;;90,6;4,9;4,5
43;2023;1;0;12;;92,8;6,1;1,1
43;2023;1;1;12;;91,7;7,1;1,2
43;2023;1;2;12;;96,3;2,9;0,8
43;2023;2;0;12;;89,4;3,7;6,9
43;2023;2;1;12;;89,4;3,6;7
43;2023;2;2;12;;88,4;5,8;5,8
43;2023;3;0;12;;84,1;12;3,9
43;2023;3;1;12;;83,4;12,7;3,9
43;2023;3;2;12;;90,5;5,4;4,1
43;2023;4;0;12;;98,7;1,1;0,2
43;2023;4;1;12;;98,7;1,1;0,2
43;2023;4;2;12;;98,8;0;1,2
43;2023;5;0;12;;89,5;3,9;6,6
43;2023;5;1;12;;89,5;3,8;6,7
43;2023;5;2;12;;90,3;5,1;4,6
50;2023;0;0;12;;90,9;6,1;3
50;2023;0;1;12;;91;5,9;3,1
50;2023;0;2;12;;88,3;8,7;3
50;2023;1;0;12;;88;7,3;4,7
50;2023;1;1;12;;87,3;7,5;5,2
50;2023;1;2;12;;93,1;5,7;1,2
50;2023;2;0;12;;90;6,7;3,3
50;2023;2;1;12;;90,2;6,4;3,4
50;2023;2;2;12;;86,8;9,8;3,4
50;2023;3;0;12;;100;0;0
50;2023;3;1;12;;;;
50;2023;3;2;12;;100;0;0
50;2023;4;0;12;;98,8;1,1;0,1
50;2023;4;1;12;;98,7;1,2;0,1
50;2023;4;2;12;;100;0;0
50;2023;5;0;12;;89,9;6,7;3,4
50;2023;5;1;12;;90;6,5;3,5
50;2023;5;2;12;;87,7;9,2;3,1
51;2023;0;0;12;;98,1;0,6;1,3
51;2023;0;1;12;;98;0,6;1,4
51;2023;0;2;12;;99;0,5;0,5
51;2023;1;0;12;;97,9;1,5;0,6
51;2023;1;1;12;;97,5;1,7;0,8
51;2023;1;2;12;;99,2;0,8;0
51;2023;2;0;12;;97,9;0,6;1,5
51;2023;2;1;12;;97,8;0,6;1,6
51;2023;2;2;12;;99;0,5;0,5
51;2023;3;0;12;;;;
51;2023;3;1;12;;;;
51;2023;3;2;12;;;;
51;2023;4;0;12;;99,2;0,6;0,2
51;2023;4;1;12;;99,2;0,6;0,2
51;2023;4;2;12;;100;0;0
51;2023;5;0;12;;97,9;0,6;1,5
51;2023;5;1;12;;97,8;0,6;1,6
51;2023;5;2;12;;99;0,5;0,5
52;2023;0;0;12;;98,9;0,7;0,4
52;2023;0;1;12;;98,9;0,7;0,4
52;2023;0;2;12;;98,9;0,9;0,2
52;2023;1;0;12;;93,9;5,7;0,4
52;2023;1;1;12;;93,1;6,4;0,5
52;2023;1;2;12;;96,7;3,3;0
52;2023;2;0;12;;99,1;0,5;0,4
52;2023;2;1;12;;99,1;0,5;0,4
52;2023;2;2;12;;99,5;0,1;0,4
52;2023;3;0;12;;96,1;2;1,9
52;2023;3;1;12;;95,7;2,2;2,1
52;2023;3;2;12;;100;0;0
52;2023;4;0;12;;98,9;1;0,1
52;2023;4;1;12;;98,9;1;0,1
52;2023;4;2;12;;100;0;0
52;2023;5;0;12;;98,9;0,7;0,4
52;2023;5;1;12;;99;0,6;0,4
52;2023;5;2;12;;98,7;1;0,3
53;2023;0;0;12;;90,8;6,9;2,3
53;2023;0;1;12;;90,7;7;2,3
53;2023;0;2;12;;95,1;3,2;1,7
53;2023;1;0;12;;96,9;2,9;0,2
53;2023;1;1;12;;96,7;3,2;0,1
53;2023;1;2;12;;98,7;0;1,3
53;2023;2;0;12;;88,2;8,8;3
53;2023;2;1;12;;88,1;8,9;3
53;2023;2;2;12;;93;4,7;2,3
53;2023;4;0;12;;98,1;1,6;0,3
53;2023;4;1;12;;98,1;1,7;0,2
53;2023;4;2;12;;100;0;0
53;2023;5;0;12;;88,5;8,5;3
53;2023;5;1;12;;88,4;8,7;2,9
53;2023;5;2;12;;93,8;4,1;2,1
